0,1,2,3,4,5,6,7,8,9,10,11,12,13,14,15,16,17,18,19,20,21,22,23,24,25,26,27,28,29,30,31,32,33,34,35,36,37,38,39,40,41,42,43,44,45,46,47,48,49,50
NGR_0014 copy.jpg,666,667,670,670,668,666,666,667,668,668,667,665,668,669,669,668,667,666,669,670,670,668,667,668,670,668,669,666,668,669,669,668,666,667,667,667,665,664,667,669,666,655,662,664,662,652,658,659,657,655
NGR_0016 copy.jpg,667,671,669,669,668,666,666,667,669,668,667,665,667,669,669,669,667,666,670,671,671,669,667,668,670,669,669,666,668,670,670,669,666,667,667,669,666,665,668,668,667,663,663,664,662,660,658,659,658,658
NGR_0018 copy.jpg,666,667,664,663,661,660,661,666,667,667,667,664,666,668,669,667,666,664,668,670,670,668,666,669,670,668,659,659,660,668,668,668,658,659,656,654,657,656,664,667,664,654,654,651,651,649,650,650,647,652
NGR_0020 copy.jpg,666,671,670,670,668,665,665,667,668,668,668,665,668,670,670,669,667,667,669,671,671,669,668,669,671,669,670,666,668,671,669,669,667,668,668,669,667,666,668,668,667,664,663,662,663,652,658,657,659,659
NGR_0022 copy.jpg,665,667,665,663,661,660,665,667,668,667,667,665,668,670,670,668,667,665,670,671,671,669,668,664,670,670,670,667,662,666,669,669,660,661,667,669,667,658,659,668,666,655,655,654,651,650,653,651,648,653
NGR_0024 copy.jpg,664,666,663,663,661,660,661,663,662,660,666,664,663,670,670,661,662,661,663,671,670,668,667,662,664,657,661,659,662,662,659,659,659,660,657,654,660,658,659,654,656,655,656,636,649,649,651,647,645,646
NGR_0026 copy.jpg,665,667,665,663,663,662,666,667,670,669,668,666,669,670,671,670,668,667,671,672,672,671,669,672,672,671,672,668,669,671,670,671,668,669,670,671,668,659,667,668,668,657,664,663,664,653,658,658,649,654
NGR_0028 copy.jpg,664,667,669,670,668,667,666,668,670,669,668,666,669,671,672,670,668,667,671,672,672,671,669,670,672,671,672,668,670,671,670,671,668,670,670,671,669,660,668,670,667,658,663,663,664,653,654,654,649,654
NGR_0030 copy.jpg,664,666,669,670,668,666,666,668,669,669,669,666,669,671,671,671,669,669,672,673,673,672,670,671,673,672,672,663,664,672,671,670,662,663,671,671,669,660,661,659,668,656,657,656,653,653,654,654,649,649
NGR_0031 copy.jpg,664,667,665,664,663,662,666,669,670,669,669,666,669,671,671,670,669,667,671,673,673,671,670,672,673,672,672,668,664,672,671,670,661,662,671,671,669,660,668,669,668,657,664,663,652,653,652,652,648,648
NGR_0032 copy.jpg,665,666,664,664,663,662,666,668,670,669,669,667,669,672,672,670,668,669,672,673,673,671,670,671,672,673,672,663,671,672,672,671,662,670,671,671,669,660,662,658,668,657,658,655,651,652,657,656,648,656
NGR_0033 copy.jpg,665,667,664,664,668,663,667,669,670,669,670,668,671,672,673,672,670,669,673,674,674,673,671,674,674,673,674,670,672,674,673,673,670,672,672,672,670,662,662,662,670,659,658,658,666,653,658,657,649,655
NGR_0034 copy.jpg,665,667,669,670,668,666,666,669,671,670,670,668,671,672,673,672,670,669,673,675,674,673,672,674,675,673,674,670,672,674,673,673,671,672,672,673,671,662,672,672,670,659,666,665,667,655,660,660,650,655
NGR_0035 copy.jpg,665,671,665,669,668,667,667,670,671,671,670,668,671,673,674,673,671,670,674,675,675,674,673,675,676,674,675,671,672,675,674,674,672,673,674,674,672,671,672,672,671,660,660,665,668,655,659,658,650,650
NGR_0036 copy.jpg,670,671,670,670,669,668,668,670,671,671,671,669,671,674,675,673,671,671,674,675,675,674,672,673,675,675,675,673,672,674,675,674,672,673,674,674,673,670,672,673,672,669,667,667,668,665,663,663,661,661
NGR_0037 copy.jpg,665,666,664,664,664,664,668,669,672,671,670,669,671,673,674,673,672,671,675,676,676,675,672,675,675,675,676,672,666,676,676,665,666,667,674,674,664,664,667,672,658,661,660,660,668,654,656,655,649,649
NGR_0038 copy.jpg,666,671,670,671,669,668,669,670,672,672,672,669,672,675,676,674,672,672,675,676,676,676,674,676,678,676,677,674,674,677,676,676,674,674,675,675,675,673,674,675,673,670,667,667,669,657,663,662,651,651
NGR_0039 copy.jpg,664,666,664,664,664,668,669,672,672,672,671,670,668,675,675,674,672,671,675,677,676,676,675,671,678,677,677,667,667,676,677,676,667,667,676,675,665,665,666,673,659,661,661,659,669,656,658,654,650,650
NGR_0040 copy.jpg,669,671,670,671,669,669,669,670,673,672,672,670,673,675,676,675,673,672,676,678,677,677,676,676,678,678,678,675,676,678,678,678,675,675,677,677,676,674,675,675,675,671,668,669,671,667,665,664,663,651
NGR_0041 copy.jpg,664,666,664,663,664,664,669,672,673,672,673,671,673,675,676,675,674,673,677,678,678,677,676,678,679,678,679,668,668,671,672,666,675,668,677,677,667,667,667,672,675,671,662,661,659,657,659,654,650,650
NGR_0042 copy.jpg,665,667,665,665,664,669,670,671,673,673,673,671,673,676,677,676,674,673,677,678,678,678,676,678,679,679,678,676,677,679,679,679,676,670,678,677,677,668,675,675,676,672,663,663,671,668,664,663,664,652
NGR_0043 copy.jpg,665,671,670,672,670,670,670,672,674,673,674,673,675,676,678,677,675,674,678,680,680,679,677,678,681,681,680,678,679,681,680,681,679,678,680,679,679,677,677,678,678,674,671,671,672,669,665,664,666,653
NGR_0044 copy.jpg,665,666,664,664,664,665,666,671,673,673,673,671,675,677,678,676,674,673,671,680,680,679,669,672,679,679,679,670,670,679,679,670,670,670,679,679,669,668,668,668,661,663,663,661,655,657,659,656,641,650
NGR_0045 copy.jpg,664,666,665,665,665,666,666,673,674,675,674,672,675,677,678,678,676,675,679,680,680,681,679,681,682,681,681,678,678,680,681,681,671,671,680,681,669,671,671,668,677,674,665,663,663,658,658,658,651,652
NGR_0046 copy.jpg,664,666,670,671,670,670,671,673,674,674,674,672,676,677,678,678,676,675,679,681,681,681,679,680,681,681,682,679,679,681,682,681,679,673,680,681,680,670,671,677,678,674,665,665,664,659,659,658,654,652
NGR_0047 copy.jpg,665,666,665,665,670,666,670,673,675,675,675,674,677,679,680,678,678,676,681,682,682,681,679,681,683,683,683,680,680,683,684,672,673,672,682,683,682,671,673,678,679,675,666,665,664,661,660,662,660,652
NGR_0048 copy.jpg,668,671,665,666,670,669,672,675,675,675,676,674,677,679,680,679,677,678,682,682,683,682,681,684,683,684,682,680,683,684,684,682,681,682,683,682,680,681,681,680,676,673,673,669,662,667,666,668,653,659
NGR_0049 copy.jpg,666,667,666,671,670,670,671,674,676,676,676,674,677,679,680,679,678,679,682,684,684,683,681,683,684,684,684,682,682,685,684,685,682,675,684,684,683,681,674,681,682,678,668,674,676,673,662,668,663,655
NGR_0050 copy.jpg,665,666,664,666,670,670,672,674,676,676,676,674,677,679,680,679,678,678,682,683,683,683,681,683,684,684,684,682,682,685,685,685,682,675,684,684,683,681,674,681,680,677,668,667,668,663,661,665,663,655
NGR_0051 copy.jpg,664,665,665,671,671,666,671,676,676,677,676,675,678,681,682,681,680,679,683,684,684,685,682,683,685,685,686,684,683,686,686,686,684,677,684,685,684,674,675,682,682,679,669,671,671,664,662,662,661,654
NGR_0052 copy.jpg,665,667,665,671,671,667,668,675,676,677,677,674,678,681,682,681,680,679,683,684,684,685,683,684,686,685,686,684,676,686,686,687,684,677,686,686,685,682,675,682,682,679,669,668,668,664,662,663,670,666
NGR_0053 copy.jpg,664,671,671,672,671,671,673,676,677,678,677,676,680,681,682,681,679,681,685,686,686,685,684,687,687,688,686,685,687,687,688,687,686,687,688,687,685,684,685,684,680,672,677,678,674,665,669,671,658,662
NGR_0054 copy.jpg,664,666,665,665,667,671,673,677,677,677,677,676,680,682,683,681,680,681,685,685,686,685,684,687,687,688,686,684,688,688,688,686,685,687,687,686,684,684,685,683,680,670,677,678,674,664,670,664,656,658
NGR_0055 copy.jpg,665,671,665,671,671,671,673,677,678,678,678,676,681,683,684,683,681,682,686,686,687,686,685,688,688,689,687,686,689,690,689,688,686,688,689,688,685,678,686,686,683,671,673,674,665,665,668,672,668,660
NGR_0056 copy.jpg,664,670,671,672,672,672,674,677,678,678,679,677,681,682,683,682,681,683,687,687,688,687,686,689,688,690,688,687,689,689,690,688,687,689,689,689,686,677,687,686,683,672,678,672,666,665,667,666,657,658
NGR_0057 copy.jpg,665,666,664,665,667,668,675,678,679,679,678,677,682,683,684,684,682,683,687,688,688,688,686,689,689,690,689,687,690,691,691,689,688,690,690,689,679,679,686,686,674,673,679,679,667,665,666,663,656,659
NGR_0058 copy.jpg,665,666,665,666,667,668,670,678,678,678,679,677,681,683,684,683,681,678,687,688,688,688,685,689,689,680,682,680,690,691,683,680,680,690,690,677,678,678,687,686,674,673,672,669,666,665,665,663,656,656
NGR_0059 copy.jpg,671,672,671,673,673,673,675,678,679,680,680,679,683,685,686,685,683,685,688,690,690,690,689,692,691,692,691,689,692,693,693,692,690,692,693,692,690,688,690,689,687,684,682,681,680,669,674,675,671,663
NGR_0060 copy.jpg,665,667,665,672,672,672,675,678,679,680,680,679,682,685,686,685,683,685,689,690,690,689,688,691,692,692,691,689,692,693,693,691,690,692,693,691,689,680,690,688,685,675,682,681,669,668,668,675,670,660
NGR_0061 copy.jpg,664,666,666,671,672,672,674,679,680,681,681,679,684,685,686,686,684,685,690,691,691,691,689,692,692,694,692,690,694,695,694,693,692,693,694,693,691,689,691,690,687,675,682,682,670,669,669,668,660,660
NGR_0062 copy.jpg,665,667,665,666,668,668,675,679,680,680,680,679,683,685,686,686,684,685,689,690,691,690,688,692,692,693,692,691,693,694,691,685,684,693,694,682,682,682,690,690,687,675,677,677,669,667,672,671,659,659
NGR_0063 copy.jpg,664,666,665,672,672,673,676,679,680,681,681,679,684,686,687,687,686,687,691,691,692,691,689,693,694,695,694,692,695,696,695,695,694,695,696,695,693,683,691,691,689,676,684,684,671,669,671,670,662,660
NGR_0064 copy.jpg,665,667,671,668,673,673,675,678,680,681,681,680,684,686,687,687,686,687,690,692,693,692,690,694,694,695,694,693,694,695,697,696,694,695,696,695,693,684,693,692,690,686,683,683,673,669,676,675,663,660
NGR_0065 copy.jpg,664,667,665,667,669,673,676,680,680,682,681,681,685,686,688,688,687,688,692,693,694,693,692,694,696,696,695,693,696,697,697,696,687,696,698,696,694,685,694,692,690,677,685,686,673,671,671,670,662,659
NGR_0066 copy.jpg,664,666,665,666,668,670,676,680,680,682,681,681,686,686,688,688,686,688,692,693,694,693,691,695,696,696,695,693,696,697,697,697,695,697,698,696,685,685,693,692,690,678,684,685,672,671,671,672,663,659
NGR_0067 copy.jpg,665,671,671,673,673,674,677,680,681,682,682,683,686,688,689,689,688,690,693,694,695,694,693,696,697,697,697,695,698,699,699,698,697,697,699,697,696,687,696,695,693,679,686,686,675,672,674,675,664,660
NGR_0068 copy.jpg,669,672,671,673,674,674,677,681,682,683,683,681,686,688,689,690,688,690,694,695,696,695,694,696,698,698,697,695,698,700,699,699,698,698,700,699,697,687,697,695,694,689,687,687,686,682,673,674,665,661
NGR_0069 copy.jpg,665,667,666,673,674,674,678,681,682,683,683,683,686,688,689,690,689,691,694,695,696,695,694,697,698,700,698,696,699,701,701,699,698,699,700,699,698,688,697,697,694,681,688,688,677,673,680,679,664,661
NGR_0070 copy.jpg,664,666,665,669,674,674,678,681,682,683,683,682,687,688,689,690,689,691,694,695,696,695,693,697,698,699,698,696,699,701,700,700,698,700,701,699,698,689,697,697,683,681,688,688,686,673,674,674,667,661
NGR_0071 copy.jpg,666,667,665,667,674,675,677,682,682,684,684,683,688,690,691,691,690,691,695,696,698,697,695,698,700,700,699,697,700,702,701,701,700,701,702,700,699,690,698,698,683,681,689,690,677,674,674,677,665,662
NGR_0072 copy.jpg,664,666,671,673,674,675,678,682,683,684,684,683,687,690,691,691,690,692,696,696,697,697,695,699,699,701,700,698,701,703,702,702,692,701,703,699,690,690,699,698,696,682,682,689,680,674,676,674,669,663
NGR_0073 copy.jpg,665,666,665,668,670,675,678,682,683,685,685,683,688,690,691,692,691,693,695,697,698,698,696,700,700,702,701,699,702,704,703,702,693,702,704,699,692,691,698,697,685,683,683,681,676,675,677,674,667,663
NGR_0074 copy.jpg,665,667,671,673,674,675,678,682,683,685,685,683,688,690,692,692,691,692,697,697,698,698,696,700,701,702,701,699,702,704,703,703,702,702,704,703,702,691,701,700,698,683,690,690,680,675,676,674,667,663
NGR_0075 copy.jpg,664,666,665,674,674,675,679,682,684,685,685,684,689,691,693,693,692,693,698,698,699,699,697,701,703,703,702,700,703,705,705,696,694,704,705,703,693,692,700,700,700,685,684,688,683,676,675,675,667,664
NGR_0076 copy.jpg,665,671,671,674,675,676,679,683,684,685,685,685,689,691,693,693,692,694,698,699,700,699,698,701,703,702,702,701,704,706,706,705,703,704,705,705,704,692,700,700,700,686,692,693,681,678,678,680,673,665
NGR_0077 copy.jpg,665,667,671,674,675,676,679,683,684,687,687,685,690,692,693,694,693,695,700,700,701,701,699,703,704,704,704,702,705,707,707,707,705,706,707,705,706,694,704,704,701,697,686,693,683,679,679,681,675,665
NGR_0078 copy.jpg,664,670,666,674,675,676,680,683,684,686,686,686,691,693,694,695,694,695,698,700,701,701,699,703,704,705,704,702,706,708,708,707,705,706,707,707,706,695,704,704,702,698,694,694,689,679,679,680,678,665
NGR_0079 copy.jpg,664,666,672,674,675,676,680,683,684,687,687,686,691,693,695,695,694,696,700,701,703,703,700,704,705,706,706,704,707,709,708,709,707,707,709,707,706,695,706,705,693,689,688,695,688,681,679,679,677,667
NGR_0080 copy.jpg,670,671,672,675,676,677,681,684,685,688,687,689,692,694,695,695,695,698,701,700,703,701,702,705,706,707,705,704,708,709,709,708,707,709,708,708,706,707,706,703,700,697,697,695,692,686,686,683,668,668
NGR_0081 copy.jpg,664,666,666,669,671,676,681,685,686,688,688,689,693,694,696,696,696,700,702,701,704,702,703,706,707,708,706,699,709,710,709,708,700,710,708,698,697,708,707,691,690,690,697,689,681,681,679,671,667,662
NGR_0082 copy.jpg,669,672,671,674,676,677,681,685,686,689,688,690,693,695,696,696,696,699,702,702,704,702,704,707,707,708,706,707,709,710,711,709,709,711,709,709,697,708,707,704,701,690,697,691,681,681,680,677,669,664
NGR_0083 copy.jpg,667,672,672,674,676,678,682,685,686,689,689,690,694,696,697,697,696,700,703,703,705,704,705,707,708,709,707,708,711,711,712,710,711,713,712,711,709,709,709,706,704,700,700,698,696,683,687,683,670,667
NGR_0084 copy.jpg,665,666,666,674,675,676,681,685,686,689,688,690,694,695,696,696,696,700,703,704,705,702,705,708,709,709,708,707,711,711,712,711,710,712,710,711,699,709,709,698,693,692,698,687,683,683,681,677,669,664
NGR_0085 copy.jpg,665,667,672,675,676,677,681,686,687,690,689,688,695,697,698,698,697,702,704,705,707,705,706,710,710,710,708,709,712,713,713,712,704,714,712,713,699,702,708,696,694,693,698,698,684,682,683,677,669,663
NGR_0086 copy.jpg,665,666,666,669,676,676,681,685,686,689,688,688,695,697,698,698,698,701,704,704,706,704,706,709,710,710,708,701,713,713,703,703,704,714,712,700,700,711,711,707,705,693,691,685,684,683,682,673,669,664
NGR_0087 copy.jpg,664,667,667,670,677,678,682,687,688,691,690,692,695,697,698,699,698,701,706,706,708,706,707,710,711,712,711,704,713,715,715,714,713,715,714,714,701,712,712,710,707,695,703,700,686,684,683,680,670,666
NGR_0088 copy.jpg,665,666,666,675,677,678,683,686,688,690,690,692,695,697,699,698,698,703,705,706,708,707,708,710,711,712,710,711,713,714,715,713,713,716,713,703,702,713,712,710,707,694,700,699,686,685,689,679,671,666
NGR_0089 copy.jpg,665,671,673,676,677,678,683,687,688,691,690,693,697,699,700,700,700,704,706,707,709,708,708,712,713,714,712,712,715,716,717,716,715,717,716,716,713,714,714,712,709,697,704,701,688,687,692,689,672,667
NGR_0090 copy.jpg,664,667,667,676,677,678,682,687,688,691,691,692,697,698,700,700,700,703,706,707,710,708,709,712,714,714,713,713,715,717,717,716,715,717,716,716,714,714,714,712,709,696,703,702,688,687,692,690,672,667
NGR_0091 copy.jpg,663,665,666,670,677,677,683,687,688,691,691,693,697,699,700,701,700,704,708,708,711,709,707,713,714,715,713,712,717,718,718,717,708,718,717,718,705,706,712,712,710,697,704,704,702,686,687,681,671,667
NGR_0092 copy.jpg,665,671,673,676,678,679,684,688,689,692,691,694,698,700,701,701,701,705,708,708,711,710,711,713,714,715,714,714,717,719,719,718,717,719,719,719,716,716,716,713,711,707,707,704,703,689,695,691,686,669
NGR_0093 copy.jpg,664,666,667,676,678,679,683,688,689,692,692,694,698,700,702,702,702,706,709,709,711,710,711,714,715,716,715,715,718,720,720,719,718,720,719,720,717,717,717,714,712,700,707,705,691,689,689,685,675,668
NGR_0094 copy.jpg,664,666,667,676,678,680,684,688,689,693,692,693,698,700,702,703,702,705,709,709,712,710,711,715,716,717,715,715,719,719,720,719,718,721,719,720,717,717,718,715,712,700,706,704,691,690,694,692,674,669
NGR_0095 copy.jpg,665,671,673,676,679,680,684,689,690,693,693,695,699,701,703,703,703,707,710,710,713,712,712,716,718,718,717,717,720,721,722,721,720,723,722,722,719,719,720,717,715,701,709,706,705,691,695,692,678,672
NGR_0096 copy.jpg,665,666,667,670,678,679,684,688,689,693,693,695,699,700,703,703,703,707,709,710,713,712,712,715,716,718,717,716,720,721,721,721,719,723,720,721,718,709,716,717,714,701,709,697,693,690,690,685,675,669
NGR_0097 copy.jpg,665,667,667,671,679,680,685,689,690,694,694,696,699,701,704,704,704,708,710,711,714,712,713,717,718,719,719,718,721,723,722,722,713,723,723,723,710,719,720,718,716,703,702,697,694,691,691,685,677,671
NGR_0098 copy.jpg,665,671,672,676,679,680,684,689,690,694,694,696,699,701,704,705,704,708,712,712,714,713,713,717,718,719,719,718,721,723,723,723,720,724,724,724,722,720,721,718,718,712,712,709,708,693,696,694,684,676
NGR_0099 copy.jpg,664,666,667,670,675,676,685,689,691,694,694,694,700,702,704,705,705,702,711,712,714,706,708,719,720,711,711,712,723,724,714,714,714,725,724,711,712,711,713,719,717,703,709,708,695,691,692,671,678,670
NGR_0100 copy.jpg,665,667,673,677,679,680,685,689,691,695,694,697,701,703,705,706,706,709,712,713,716,714,715,718,720,722,720,719,723,724,725,724,722,726,725,725,722,721,722,720,718,704,711,709,709,693,697,695,683,676
NGR_0101 copy.jpg,665,666,667,677,679,680,686,690,691,695,695,698,701,704,706,707,706,710,713,713,717,716,717,720,722,723,721,721,725,726,727,726,724,727,726,727,724,722,723,721,719,705,713,711,710,695,698,695,685,677
NGR_0102 copy.jpg,665,667,673,677,679,681,685,690,692,695,695,697,701,703,706,706,706,710,714,714,717,716,716,720,721,722,722,722,725,726,727,726,724,728,727,727,724,723,724,721,719,706,713,712,711,695,699,697,684,677
NGR_0103 copy.jpg,663,666,667,672,679,681,686,691,692,695,696,698,703,704,706,707,707,711,714,715,718,717,717,721,722,724,723,723,727,728,727,728,725,729,728,729,726,717,725,723,722,707,714,713,703,696,699,697,687,678
NGR_0104 copy.jpg,670,672,674,678,679,682,686,690,693,696,696,699,702,705,707,708,708,711,715,716,719,718,718,722,723,724,724,724,726,728,729,728,726,728,729,728,727,724,726,724,722,718,715,714,713,708,701,699,694,679
NGR_0105 copy.jpg,665,667,673,678,679,681,687,691,693,696,696,699,703,705,707,708,708,712,716,716,719,718,718,723,724,726,725,724,728,729,730,730,726,730,729,720,727,717,726,725,723,708,717,716,705,697,698,699,690,679
NGR_0106 copy.jpg,665,667,668,677,680,682,687,691,693,697,697,699,703,705,708,709,708,713,716,716,720,719,719,723,724,726,725,725,728,729,730,730,720,731,730,731,728,717,727,725,711,709,716,715,706,697,698,699,691,678
NGR_0107 copy.jpg,669,671,673,678,681,682,688,691,694,697,698,700,705,707,708,710,710,714,717,717,721,720,721,724,726,727,727,727,729,731,731,731,729,733,733,733,731,728,730,727,725,721,719,717,715,711,704,702,698,680
NGR_0108 copy.jpg,665,667,668,677,680,682,687,692,693,698,697,699,704,707,709,710,710,715,717,719,721,718,723,725,727,727,726,728,731,731,732,730,732,732,731,730,720,727,726,726,710,717,717,705,697,698,693,690,678,673
NGR_0109 copy.jpg,665,667,668,678,681,682,688,693,695,697,698,701,705,708,709,710,711,717,718,721,721,720,724,726,728,728,727,730,732,733,733,722,734,734,721,721,721,730,729,714,712,711,708,705,699,700,694,690,680,671
NGR_0110 copy.jpg,669,672,674,679,681,683,689,693,695,698,698,702,706,708,711,711,712,717,718,722,722,720,725,726,728,729,728,731,733,733,734,732,734,734,734,733,730,730,729,728,723,720,720,717,701,706,703,694,681,676
NGR_0111 copy.jpg,663,666,669,673,681,682,688,693,694,698,698,701,707,709,711,711,711,718,719,721,722,721,725,727,728,730,729,732,734,734,735,732,735,735,733,722,722,722,718,717,713,720,719,708,701,702,696,693,681,673
NGR_0112 copy.jpg,667,671,674,678,682,683,689,693,696,699,699,702,707,710,711,712,713,719,720,723,723,722,726,728,729,731,730,732,734,735,735,733,736,736,736,734,731,732,732,729,724,722,720,719,713,708,705,697,682,676
NGR_0113 copy.jpg,664,670,669,679,681,683,690,693,695,699,699,702,707,711,712,713,713,720,721,723,724,723,727,729,730,732,731,733,735,736,737,735,737,737,737,736,732,733,733,720,715,723,723,720,715,702,705,699,682,675
NGR_0114 copy.jpg,665,667,669,673,682,683,689,694,697,699,699,702,707,710,712,713,714,719,720,723,723,722,728,730,731,731,730,733,736,736,737,734,737,738,736,735,724,733,733,718,716,723,722,714,703,703,698,695,682,674
NGR_0115 copy.jpg,664,666,674,678,682,684,690,693,696,699,700,703,707,711,712,714,714,720,721,723,725,724,728,730,732,733,732,734,737,738,739,737,738,739,739,738,735,735,735,732,728,724,723,722,705,705,705,702,683,677
NGR_0116 copy.jpg,665,671,674,678,681,684,689,694,696,700,700,703,708,711,713,714,714,720,722,724,726,724,728,730,732,734,733,734,738,738,739,737,738,739,739,738,735,736,736,733,729,726,725,723,717,705,708,705,684,679
NGR_0117 copy.jpg,669,671,674,679,681,684,690,695,696,701,702,704,709,712,714,715,716,720,723,725,726,725,729,732,733,734,734,735,738,738,741,739,739,741,741,740,737,737,737,735,731,726,726,725,720,715,710,704,696,681
NGR_0118 copy.jpg,669,672,675,679,682,685,691,695,696,701,701,704,709,712,714,716,716,720,723,725,727,726,730,732,733,735,734,736,739,739,741,738,740,740,740,739,736,737,737,734,730,726,726,725,719,706,708,706,685,679
NGR_0119 copy.jpg,664,671,674,680,683,684,690,695,697,701,702,705,710,713,714,717,716,723,724,727,728,727,731,733,734,736,735,738,740,740,742,740,742,742,742,741,739,738,738,736,732,727,727,726,720,707,711,707,686,681
NGR_0120 copy.jpg,665,671,669,679,683,684,690,695,697,701,702,704,710,713,715,716,717,723,724,726,728,727,730,733,734,736,735,738,740,740,742,740,742,742,742,741,739,738,738,735,732,727,727,726,709,707,710,707,684,680
NGR_0121 copy.jpg,665,667,669,674,683,685,691,696,698,702,703,705,710,713,716,717,717,724,725,728,729,727,733,734,736,737,736,739,741,740,743,740,743,743,743,742,731,739,739,732,723,728,728,727,710,708,709,703,686,680
NGR_0122 copy.jpg,666,667,670,680,683,684,692,695,697,701,702,705,711,713,716,717,717,724,725,728,729,727,732,735,736,738,737,738,742,741,743,741,743,743,743,742,740,740,740,729,723,722,728,719,710,708,710,707,686,680
NGR_0123 copy.jpg,666,671,675,680,683,686,692,696,698,703,704,706,711,714,717,719,718,725,726,729,730,729,734,736,738,739,738,740,744,743,745,743,744,745,745,744,741,742,742,737,735,731,731,729,724,710,711,708,688,684
NGR_0124 copy.jpg,666,672,673,675,683,685,692,696,699,702,703,707,711,715,717,718,718,725,726,729,731,730,733,736,737,739,738,741,743,743,745,743,745,746,745,744,742,742,742,740,736,731,730,729,713,711,712,707,687,683
NGR_0125 copy.jpg,664,670,669,674,683,686,692,697,699,703,704,706,713,715,718,719,720,726,727,730,731,730,734,737,738,740,739,741,744,744,747,745,745,747,746,746,743,744,744,741,738,725,732,730,713,711,713,710,688,686
NGR_0126 copy.jpg,664,670,674,680,684,686,692,697,699,703,704,707,713,716,717,719,719,725,728,729,731,730,735,737,739,740,739,741,744,743,747,744,746,747,747,746,744,744,743,741,737,724,732,730,714,711,709,707,690,687
NGR_0127 copy.jpg,664,667,670,675,683,685,693,696,699,704,705,707,714,716,718,720,719,726,728,730,732,731,735,739,740,741,741,743,746,746,748,745,747,748,747,737,736,745,745,730,728,726,732,720,714,712,709,704,690,686
NGR_0128 copy.jpg,665,671,675,680,684,686,693,697,699,704,705,708,713,716,719,721,720,726,729,731,732,732,736,739,740,742,741,743,746,745,748,746,747,749,748,748,747,746,745,743,740,737,734,731,717,714,717,713,696,690
NGR_0129 copy.jpg,670,672,675,681,684,687,692,698,699,704,705,708,714,717,720,721,721,727,729,732,734,733,736,739,741,743,744,744,748,748,750,749,748,750,750,750,748,747,747,744,742,739,737,734,722,715,715,715,698,691
NGR_0130 copy.jpg,663,666,670,681,684,687,693,698,700,704,705,708,714,717,719,722,721,728,730,732,733,733,737,739,741,743,742,744,747,748,750,747,748,750,750,750,748,747,747,744,741,738,735,734,719,715,714,712,698,690
NGR_0131 copy.jpg,665,671,670,680,685,686,694,698,700,705,706,709,715,718,721,723,722,729,731,733,735,734,738,741,742,744,744,745,750,749,751,749,749,751,752,751,749,748,748,746,744,741,737,735,721,716,716,715,702,691
NGR_0132 copy.jpg,664,666,670,680,685,686,694,699,700,705,706,709,715,718,721,723,722,729,731,733,735,734,739,742,743,745,745,745,749,749,751,748,750,752,752,751,749,748,748,746,744,740,736,735,720,715,712,707,697,691
NGR_0133 copy.jpg,665,667,670,682,685,688,695,699,703,706,707,713,717,719,722,723,726,730,733,736,736,737,742,744,746,746,746,750,750,753,752,751,753,753,753,751,750,750,747,744,742,739,737,722,716,717,713,698,693,681
NGR_0134 copy.jpg,665,671,671,681,685,687,694,700,702,706,707,712,716,719,722,724,725,731,732,736,736,735,741,744,745,747,746,750,751,753,752,750,753,754,753,751,750,750,748,746,742,739,736,724,717,717,715,700,692,682
NGR_0135 copy.jpg,670,672,676,682,686,688,696,700,703,707,708,713,717,721,723,725,726,732,733,738,737,738,744,745,747,748,747,752,752,754,753,753,755,755,755,753,752,752,749,747,744,740,738,734,729,720,718,704,694,684
NGR_0136 copy.jpg,664,666,671,682,686,687,695,699,703,707,708,713,717,720,723,724,726,731,733,737,737,736,743,745,747,747,748,751,752,755,754,751,754,755,754,752,751,752,749,746,744,740,738,725,719,715,716,701,693,683
NGR_0137 copy.jpg,664,667,671,682,686,687,696,700,704,707,708,714,719,721,723,725,727,733,734,738,738,739,744,746,748,748,748,753,754,756,755,754,756,756,755,753,744,753,751,749,745,741,740,725,718,717,710,701,694,672
NGR_0138 copy.jpg,664,666,675,682,686,688,695,700,704,707,708,714,718,721,724,725,728,733,734,738,739,738,744,747,748,749,748,753,754,755,755,753,756,757,756,754,744,754,751,738,735,741,740,726,719,716,710,702,693,682
NGR_0139 copy.jpg,663,666,670,676,686,688,696,701,704,708,709,714,719,722,725,726,728,733,735,739,740,739,745,747,749,751,750,754,755,757,756,747,758,758,757,746,755,755,752,738,735,743,741,728,719,721,718,701,694,683
NGR_0140 copy.jpg,665,667,671,683,686,689,697,701,704,708,709,714,720,722,725,726,729,733,736,739,740,740,745,748,750,751,751,755,755,757,756,755,758,758,758,756,755,755,753,750,748,744,742,729,721,719,713,705,694,685
NGR_0141 copy.jpg,665,666,671,678,686,688,696,701,706,708,709,715,720,722,725,727,726,735,736,740,739,734,747,749,751,752,751,756,757,758,757,747,759,760,759,757,747,756,754,751,748,743,742,728,721,719,713,700,695,669
NGR_0142 copy.jpg,665,672,676,682,686,689,696,701,704,709,710,715,720,723,726,728,729,735,736,741,742,741,747,749,751,752,752,756,757,759,758,757,759,759,760,758,757,757,756,753,749,746,745,737,723,724,722,713,696,687
NGR_0143 copy.jpg,665,672,676,683,687,689,697,702,706,710,711,716,721,724,726,728,731,736,738,741,742,742,747,751,753,753,752,757,758,760,759,757,761,762,761,759,757,759,757,754,751,747,745,732,723,723,721,705,698,684
NGR_0144 copy.jpg,666,671,675,683,687,689,697,702,706,710,711,716,720,724,727,728,731,737,738,742,742,743,748,751,753,754,753,758,759,761,760,758,761,762,761,760,758,759,757,754,751,748,745,735,723,721,721,712,697,686
NGR_0145 copy.jpg,665,667,672,683,687,689,698,703,707,710,712,717,721,725,727,729,731,736,739,742,743,743,748,752,754,754,753,759,760,761,761,759,762,763,754,751,750,760,758,755,752,747,746,735,724,722,717,707,695,680
NGR_0146 copy.jpg,665,667,677,683,688,689,697,702,706,710,711,717,722,724,728,730,732,737,738,743,744,743,749,752,754,755,754,759,760,762,761,759,762,763,762,761,759,760,759,756,753,748,747,732,725,723,719,713,698,684
NGR_0147 copy.jpg,664,671,676,682,687,690,698,703,707,711,712,717,722,725,728,730,732,738,739,744,745,745,750,753,754,756,755,760,761,763,762,761,764,764,764,763,760,762,760,757,754,750,748,735,726,728,727,715,699,688
NGR_0148 copy.jpg,664,667,671,683,687,690,698,703,707,711,712,717,721,725,728,731,732,738,739,744,745,744,750,753,754,756,755,760,761,762,761,760,763,764,763,763,760,762,760,758,754,750,748,735,727,728,726,714,698,687
NGR_0149 copy.jpg,666,672,677,683,688,690,699,704,708,712,713,718,722,726,730,732,733,739,740,745,746,745,751,754,756,757,756,762,763,765,764,762,765,766,766,764,762,763,762,759,755,752,751,744,728,725,721,710,698,691
NGR_0150 copy.jpg,665,672,677,683,688,691,699,704,708,711,713,718,723,726,730,731,734,739,740,745,746,747,752,755,756,758,757,761,762,765,764,762,766,766,765,764,763,763,762,759,756,752,751,744,727,726,726,716,699,692
NGR_0151 copy.jpg,664,673,677,684,688,693,699,705,710,712,714,720,724,728,731,732,736,741,742,747,746,749,754,755,759,758,759,763,763,765,764,766,766,767,767,765,764,764,761,758,752,752,741,730,730,728,717,700,694,674
NGR_0152 copy.jpg,666,671,677,684,689,693,700,704,709,713,714,721,725,728,731,732,737,741,743,747,747,749,754,756,758,758,760,764,763,766,764,766,767,767,766,765,764,764,762,757,753,752,747,742,731,729,716,701,691,675
NGR_0153 copy.jpg,665,667,672,684,688,691,699,704,709,713,714,719,725,727,731,733,735,741,742,747,748,747,753,756,759,760,759,764,765,764,766,764,767,768,768,767,765,766,765,762,759,754,753,741,731,727,724,714,699,697
NGR_0154 copy.jpg,664,667,672,684,689,691,699,705,708,713,714,720,724,727,731,733,735,740,743,746,748,747,754,756,759,760,759,764,765,766,766,764,768,769,767,767,766,766,765,762,759,754,753,743,731,728,725,718,700,697
NGR_0155 copy.jpg,664,666,673,684,689,691,699,704,709,713,715,720,725,728,732,734,736,741,744,747,748,748,755,758,759,761,760,765,765,768,768,766,769,770,768,768,767,767,766,764,760,755,755,748,732,728,725,719,700,695
NGR_0156 copy.jpg,665,667,677,684,689,691,700,705,710,713,715,722,726,729,733,733,739,743,744,748,749,752,756,758,760,760,762,765,766,768,766,769,769,770,769,768,767,766,764,760,756,755,744,732,729,724,716,701,694,675
NGR_0157 copy.jpg,664,666,672,678,688,690,699,704,707,713,715,720,726,728,732,734,734,742,744,749,750,749,755,758,760,763,762,766,767,767,769,767,770,772,770,759,758,769,756,765,762,748,748,742,734,731,725,702,700,699
NGR_0158 copy.jpg,665,667,673,679,689,691,700,705,710,714,715,721,726,729,733,735,737,743,745,749,750,750,756,759,761,763,762,766,767,769,770,768,771,772,771,770,769,769,768,765,762,757,757,751,734,731,727,716,702,701
NGR_0159 copy.jpg,665,672,677,685,690,693,701,706,711,715,716,722,727,731,735,735,741,745,746,751,751,753,759,760,763,763,764,769,768,771,769,770,772,773,773,770,770,770,767,764,759,759,754,749,733,732,726,703,703,692
NGR_0160 copy.jpg,664,667,673,685,689,695,701,707,711,715,716,723,728,731,734,735,740,744,746,751,751,754,758,761,763,763,765,768,768,771,770,771,772,773,772,771,770,769,767,765,760,758,753,736,734,730,725,704,702,692
NGR_0161 copy.jpg,665,667,673,679,689,690,701,707,712,716,716,723,728,732,735,736,741,745,746,751,752,754,759,761,763,765,766,769,769,772,770,770,774,773,773,772,771,771,768,765,751,757,744,736,734,729,703,703,701,678
NGR_0162 copy.jpg,664,667,673,685,690,693,702,706,711,715,716,724,728,731,735,737,741,745,747,752,752,754,760,762,764,764,766,769,769,772,771,771,773,774,774,772,772,772,768,766,759,759,754,737,734,729,712,705,702,679
NGR_0163 copy.jpg,665,668,673,680,690,695,702,707,712,716,716,725,728,732,736,737,742,746,748,753,753,755,760,763,765,765,767,770,770,773,772,773,774,775,775,773,773,773,767,755,762,761,746,738,735,729,717,706,704,679
NGR_0164 copy.jpg,670,672,677,685,689,693,702,707,712,716,718,724,729,731,736,737,740,746,747,752,753,755,760,763,766,766,768,770,771,774,773,774,775,776,776,775,774,774,770,768,764,761,757,753,747,738,732,721,704,698
NGR_0165 copy.jpg,670,672,678,685,690,694,702,708,712,717,719,724,730,732,736,738,741,747,750,753,754,756,761,764,767,767,769,771,772,775,774,775,777,777,777,776,775,775,771,770,765,763,758,755,747,736,730,722,706,698
NGR_0166 copy.jpg,666,667,673,681,689,691,702,708,713,717,717,725,729,733,737,738,743,747,748,754,754,756,762,764,766,767,768,772,772,774,773,774,777,776,776,774,773,774,770,756,753,759,746,741,736,728,714,710,703,682
NGR_0167 copy.jpg,665,668,673,686,691,693,703,708,714,716,718,725,730,734,738,738,743,748,749,755,756,758,763,765,767,769,769,773,774,777,775,775,778,778,778,776,775,775,773,771,765,763,759,745,738,734,729,717,705,693
NGR_0168 copy.jpg,665,673,678,685,691,693,703,708,713,717,718,726,730,734,738,739,743,749,750,755,756,758,763,765,767,769,769,773,774,777,775,776,778,778,779,777,776,776,773,771,767,764,759,748,739,736,728,721,706,697
NGR_0169 copy.jpg,664,668,674,685,690,693,703,708,714,718,719,726,731,734,739,740,743,749,750,755,756,758,763,766,769,769,771,773,774,777,776,777,779,780,779,778,777,777,773,771,767,764,760,747,739,733,729,717,706,697
NGR_0170 copy.jpg,664,668,674,685,692,695,703,708,714,718,719,726,730,734,738,740,744,749,751,755,756,759,763,766,769,769,771,774,774,777,776,777,779,780,779,778,777,777,774,772,768,764,760,748,738,735,728,719,705,697
NGR_0171 copy.jpg,665,668,674,686,692,693,703,708,714,718,720,726,731,734,739,740,744,749,752,757,758,760,765,767,770,771,772,775,776,779,777,778,781,781,781,779,778,778,775,773,769,764,761,749,740,735,728,721,706,698
NGR_0172 copy.jpg,669,673,679,686,692,694,703,709,714,718,721,726,732,735,739,740,745,750,752,757,758,760,765,767,770,771,773,775,776,779,778,778,781,781,781,780,779,779,775,774,770,766,762,752,742,736,731,726,707,698
NGR_0173 copy.jpg,664,667,674,681,692,693,704,709,714,719,720,726,734,737,741,741,748,752,756,758,759,764,767,767,772,770,775,776,776,779,778,780,781,771,769,769,779,775,761,758,756,753,749,741,735,727,715,706,686,680
NGR_0174 copy.jpg,664,668,674,686,692,694,703,709,714,718,720,727,732,735,740,741,745,750,753,757,759,759,766,768,771,772,773,776,777,780,779,779,782,782,782,780,779,779,774,761,760,766,763,751,741,736,728,720,707,699
NGR_0175 copy.jpg,664,668,674,686,692,695,704,709,715,719,720,728,733,735,740,742,745,752,753,759,760,761,767,769,772,773,774,777,778,781,780,781,782,783,783,782,781,781,777,775,771,766,764,754,742,737,731,714,707,694
NGR_0176 copy.jpg,666,673,678,687,692,694,704,710,715,719,721,728,733,736,741,742,746,751,754,758,760,761,767,769,772,773,774,777,778,781,781,781,783,783,783,782,781,781,778,776,772,767,765,757,744,739,736,728,709,704
NGR_0177 copy.jpg,665,668,675,687,692,697,705,710,716,720,721,728,734,736,741,742,746,752,754,759,760,762,767,769,773,774,775,779,779,782,781,781,784,784,785,783,781,782,778,775,773,768,765,754,744,738,733,729,709,698
NGR_0178 copy.jpg,665,672,678,687,692,696,704,710,715,720,721,728,734,736,741,742,746,753,754,760,761,762,768,770,773,774,775,779,779,782,781,782,784,785,785,783,782,782,779,778,774,768,767,759,744,739,734,728,708,700
NGR_0179 copy.jpg,665,667,674,688,693,698,707,710,717,721,722,730,736,739,743,743,751,754,759,761,762,767,770,772,775,774,778,780,780,783,782,784,786,785,785,774,783,780,776,773,769,766,755,744,738,732,720,708,705,683
NGR_0180 copy.jpg,669,674,679,687,693,699,705,711,718,721,723,730,736,739,744,744,751,754,758,761,762,767,771,773,776,775,779,780,783,784,783,785,786,786,785,783,783,781,780,775,769,767,761,756,742,739,727,711,706,685
NGR_0181 copy.jpg,664,668,674,682,693,694,706,711,716,721,722,731,736,740,744,744,751,755,758,762,762,767,771,771,776,775,779,781,781,784,783,785,786,777,786,774,784,780,769,773,769,767,754,743,738,733,714,706,697,683
NGR_0182 copy.jpg,665,669,674,687,693,698,707,710,718,721,722,731,736,740,744,744,752,755,759,762,763,768,771,773,776,775,780,781,784,785,784,786,787,787,786,776,784,782,770,775,770,768,760,746,740,735,724,709,700,683
NGR_0183 copy.jpg,664,668,674,688,694,699,707,711,719,722,722,731,737,740,745,745,752,756,760,763,763,768,772,775,777,776,781,782,784,785,784,787,788,788,787,785,785,783,780,777,771,769,765,747,743,737,730,711,702,685
NGR_0184 copy.jpg,670,673,679,687,694,700,705,711,717,722,724,731,737,741,746,746,753,756,760,763,764,769,772,773,778,777,780,783,784,786,786,787,788,788,788,786,786,784,782,779,774,771,769,760,747,745,740,712,707,703
NGR_0185 copy.jpg,664,669,675,688,693,699,708,712,718,723,723,732,737,741,746,746,753,757,760,764,764,769,773,775,779,777,782,783,785,787,786,788,789,789,788,787,786,784,781,778,772,770,768,748,744,738,728,711,705,686
NGR_0186 copy.jpg,665,672,679,688,693,699,706,712,718,723,723,732,738,741,746,746,753,756,761,764,764,769,773,774,778,776,782,783,785,787,786,788,789,789,789,787,786,784,781,778,772,770,768,747,744,738,722,711,706,687
NGR_0187 copy.jpg,667,672,679,688,694,699,708,712,720,723,725,732,738,742,746,746,754,757,761,764,766,770,774,776,779,778,782,785,787,788,787,789,790,791,790,787,788,786,783,781,772,771,769,750,748,739,733,711,707,688
NGR_0188 copy.jpg,663,668,675,687,694,697,708,712,719,723,723,732,738,742,746,746,753,757,761,764,766,770,774,775,779,778,782,784,786,788,787,789,790,791,790,788,788,785,783,780,772,771,769,749,747,737,725,710,707,687
NGR_0189 copy.jpg,664,668,675,688,694,699,709,712,719,723,724,733,738,742,747,747,754,758,761,765,767,771,775,777,780,779,783,786,788,789,788,790,791,792,791,788,788,786,783,780,773,772,763,749,749,739,724,711,709,689
NGR_0190 copy.jpg,664,668,679,688,694,700,709,712,720,723,725,733,739,742,747,747,755,758,762,766,767,771,774,776,779,779,784,786,787,789,788,790,791,791,792,789,788,786,784,780,774,773,770,750,750,742,735,712,711,709
NGR_0191 copy.jpg,664,669,676,688,694,700,709,712,719,723,725,733,739,742,747,747,755,758,763,766,767,772,775,775,781,780,784,786,788,789,788,790,792,790,792,780,788,787,777,770,768,773,770,750,745,738,720,710,711,689
NGR_0192 copy.jpg,665,673,679,688,694,702,707,712,720,723,726,733,739,742,747,748,754,758,763,766,768,771,776,777,781,781,783,786,788,790,790,791,793,793,792,792,790,788,785,783,778,775,771,762,751,744,742,716,712,709
NGR_0193 copy.jpg,665,673,679,688,695,700,709,713,721,724,726,734,740,744,749,749,756,760,763,767,769,773,777,777,782,782,785,788,789,791,790,792,794,794,793,793,791,789,786,783,779,774,772,762,758,742,737,716,712,709
NGR_0194 copy.jpg,664,668,675,688,694,700,708,712,720,724,725,734,740,743,748,748,756,759,763,766,768,772,776,777,781,781,784,787,788,791,790,792,793,791,793,790,790,788,782,781,768,766,764,752,751,740,720,712,713,691
NGR_0195 copy.jpg,664,668,675,688,695,700,709,713,720,724,725,734,740,744,748,749,756,760,764,767,769,772,777,777,783,782,785,788,789,791,791,792,794,792,794,792,781,788,785,782,769,775,762,752,751,740,721,716,714,703
NGR_0196 copy.jpg,664,672,678,689,695,701,709,714,720,725,726,734,740,744,749,750,757,760,764,768,769,773,777,778,783,782,784,788,789,792,791,792,795,794,794,793,790,790,787,785,781,776,773,754,753,742,738,722,714,710
NGR_0197 copy.jpg,665,669,675,689,696,700,709,714,720,725,727,735,740,744,748,750,756,760,764,768,770,774,778,779,783,783,785,788,790,793,792,794,795,795,795,793,792,790,787,784,770,776,772,754,748,743,725,720,714,709
NGR_0198 copy.jpg,666,672,676,689,695,701,709,713,721,725,726,735,740,744,749,749,757,761,765,769,770,774,777,778,784,784,786,789,790,792,792,793,796,794,795,793,791,791,786,785,781,776,773,754,753,743,739,723,714,710
NGR_0199 copy.jpg,664,672,679,689,695,701,709,714,721,725,728,735,741,745,749,751,758,762,764,769,771,774,779,780,784,784,786,790,791,794,794,795,796,795,796,795,793,792,790,787,784,778,774,763,762,747,746,732,716,713
NGR_0200 copy.jpg,664,669,678,689,695,698,708,714,722,725,727,735,742,745,750,750,758,762,765,769,771,773,778,779,785,784,787,790,791,793,794,794,796,795,796,796,792,791,781,785,783,777,774,758,753,742,738,728,715,707
NGR_0201 copy.jpg,664,669,676,685,696,702,708,714,722,725,727,735,742,745,750,751,758,762,766,769,772,774,779,780,785,784,786,790,791,794,794,795,797,796,785,785,793,793,781,784,780,775,773,758,750,742,736,727,715,705
NGR_0202 copy.jpg,664,668,675,689,695,698,710,714,722,725,727,736,741,745,750,750,758,762,766,770,772,774,779,780,785,785,787,790,792,795,794,784,797,796,796,793,793,793,790,775,771,778,775,756,751,742,735,723,714,703
NGR_0203 copy.jpg,665,668,680,689,695,701,710,715,722,726,728,736,741,745,751,751,759,763,765,770,772,774,780,781,786,785,787,792,793,796,795,796,798,797,798,797,794,794,791,787,786,779,775,765,763,746,742,732,714,714
NGR_0204 copy.jpg,664,669,676,689,696,698,708,714,722,725,727,736,742,746,750,751,758,762,765,770,772,775,780,780,785,786,787,791,793,795,795,795,798,797,798,796,794,793,781,787,782,778,775,762,754,745,728,726,714,712
NGR_0205 copy.jpg,665,669,676,690,698,702,711,715,722,727,730,738,743,748,752,752,761,764,769,771,773,779,781,786,787,786,791,793,795,797,794,798,797,799,798,795,794,792,788,785,779,776,762,755,746,742,732,715,709,698
NGR_0206 copy.jpg,664,672,680,689,696,702,710,714,722,726,729,736,742,746,751,752,758,763,766,771,773,775,780,781,787,787,789,792,793,796,796,797,798,797,799,798,795,794,792,788,785,780,776,767,765,748,745,733,715,709
NGR_0207 copy.jpg,665,669,676,690,697,702,711,715,723,728,729,738,743,749,752,753,761,764,770,772,773,780,781,786,787,787,792,794,795,798,795,799,798,798,798,795,794,792,789,788,780,777,764,754,747,725,723,715,713,698
NGR_0208 copy.jpg,665,669,680,690,695,703,711,715,723,727,729,737,742,746,751,753,759,764,766,771,773,776,781,782,787,788,790,793,794,797,798,798,800,798,800,799,795,794,793,789,785,781,777,769,767,749,749,740,717,711
NGR_0209 copy.jpg,664,674,680,690,697,704,711,716,723,728,732,739,744,749,753,753,762,765,770,773,774,780,782,788,789,789,793,795,796,798,797,799,799,800,799,796,796,793,791,789,781,778,767,756,747,744,735,716,712,699
NGR_0210 copy.jpg,665,674,680,690,696,704,711,716,723,728,730,739,744,749,753,753,762,766,770,773,775,780,783,787,788,789,793,796,797,798,798,800,800,801,799,798,796,793,791,791,781,779,770,767,749,746,736,715,713,699
NGR_0211 copy.jpg,664,668,677,690,698,702,710,715,722,727,729,739,743,749,752,753,762,765,767,773,775,781,782,787,788,789,793,796,792,799,786,800,800,800,799,786,795,794,788,785,779,778,763,754,748,727,726,712,705,692
NGR_0212 copy.jpg,664,669,676,690,698,703,711,716,723,728,732,739,744,749,753,754,762,766,770,774,775,780,783,788,788,790,793,796,797,799,798,800,800,801,799,798,796,795,792,791,781,779,768,758,749,745,731,714,709,695
NGR_0213 copy.jpg,665,669,682,690,698,704,712,716,724,729,733,740,744,750,754,754,762,766,771,774,775,781,783,788,790,790,795,796,798,800,799,801,800,801,801,800,797,795,792,791,782,780,771,769,754,751,740,716,712,714
NGR_0214 copy.jpg,670,674,681,690,697,705,712,716,724,729,732,740,744,750,754,754,762,766,771,774,775,781,783,788,790,790,794,796,798,800,799,801,800,801,801,801,798,795,792,791,782,780,771,769,755,749,736,717,713,715
NGR_0215 copy.jpg,665,669,681,690,698,703,712,716,724,728,733,739,744,749,754,754,762,766,770,774,775,781,784,788,789,790,794,797,798,800,797,801,801,796,800,800,797,796,791,790,782,781,769,758,753,742,734,716,714,716
NGR_0216 copy.jpg,665,669,681,690,697,704,712,716,724,728,731,739,743,749,753,755,762,766,770,774,775,781,784,788,789,789,794,797,798,799,799,801,801,801,800,801,797,796,792,791,782,780,770,757,755,742,734,716,714,700
NGR_0217 copy.jpg,665,668,675,690,696,702,709,713,722,726,727,735,740,745,749,750,757,761,765,768,769,774,777,781,782,782,787,788,790,790,792,792,792,786,791,794,787,786,780,780,773,771,758,750,747,737,729,712,713,701
